{"last_ping":1782413006.7619982,"balance":0.015027428,"trades":0}