{"last_ping":1781634295.414092,"balance":0.015027428,"trades":0}