{"last_ping":1782653711.236492,"balance":0.015027428,"trades":0}