{"last_ping":1781976930.960371,"balance":0.015027428,"trades":0}