{"last_ping":1781632627.7128398,"balance":0.015027428,"trades":0}