{"last_ping":1781632052.770209,"balance":0.015027428,"trades":0}