{"last_ping":1781832965.265198,"balance":0.015027428,"trades":0}