{"last_ping":1781631486.193072,"balance":0.015027428,"trades":0}