{"last_ping":1781771608.657564,"balance":0.015027428,"trades":0}