{"last_ping":1782141513.913482,"balance":0.015027428,"trades":0}