{"last_ping":1781636338.5309498,"balance":0.015027428,"trades":0}