{"last_ping":1782146526.074355,"balance":0.015027428,"trades":0}