{"last_ping":1781828136.25177,"balance":0.015027428,"trades":0}