{"last_ping":1781796891.814181,"balance":0.015027428,"trades":0}