{"last_ping":1782045803.835977,"balance":0.015027428,"trades":0}