{"last_ping":1781807384.9711301,"balance":0.015027428,"trades":0}