{"last_ping":1781804877.1772878,"balance":0.015027428,"trades":0}