{"last_ping":1781636970.4002318,"balance":0.015027428,"trades":0}