{"last_ping":1781809844.78626,"balance":0.015027428,"trades":0}